input file;carbon, runtime [s];carbon, exit condition;carbon, timeout;silicon, runtime [s];silicon, exit condition;silicon, timeout
../arp-plugin/performance/test_fast/predicates1_arp_enc.sil;4.380585420998614;0;False;1.819008214999485;0;False
../arp-plugin/performance/test_fast/predicates1_arp_enc.sil;3.681504120999307;0;False;1.4709930089993577;0;False
../arp-plugin/performance/test_fast/predicates1_arp_enc.sil;3.575232111999867;0;False;1.2178437309994479;0;False
../arp-plugin/performance/test_fast/predicates1_arp_enc.sil;3.5754395619987918;0;False;1.2172278010002628;0;False
../arp-plugin/performance/test_fast/predicates1_arp_enc.sil;3.525531310000588;0;False;1.1174253469998803;0;False
../arp-plugin/performance/test_fast/predicates1_arp_enc.sil;3.4740251900002477;0;False;1.067125664998457;0;False
../arp-plugin/performance/test_fast/predicates1_arp_enc.sil;3.4747202549988288;0;False;1.2171483090005495;0;False
../arp-plugin/performance/test_fast/predicates1_arp_enc.sil;3.4252980620003655;0;False;1.1682872299988958;0;False
../arp-plugin/performance/test_fast/predicates1_arp_enc.sil;3.424045167999793;0;False;1.1173059640004794;0;False
../arp-plugin/performance/test_fast/predicates1_arp_enc.sil;3.930933094001375;0;False;1.017836998000348;0;False
../arp-plugin/performance/test_fast/predicates1_arp_enc.sil;3.9281018239998957;0;False;1.0169361739990563;0;False
../arp-plugin/performance/test_fast/predicates1_arp_enc.sil;3.927007615000548;0;False;1.1684914699999354;0;False
../arp-plugin/performance/test_fast/predicates1_arp_enc.sil;3.4264932359983504;0;False;1.0686676969999098;0;False
../arp-plugin/performance/test_fast/predicates1_arp_enc.sil;3.4252826829997503;0;False;1.0678700220014434;0;False
../arp-plugin/performance/test_fast/predicates1_arp_enc.sil;3.42716904199915;0;False;1.0175866059998953;0;False
../arp-plugin/performance/test_fast/predicates1_arp_enc.sil;3.4243651450015022;0;False;1.0674627120006335;0;False
../arp-plugin/performance/test_fast/predicates1_arp_enc.sil;3.4242935699985537;0;False;1.117136537000988;0;False
../arp-plugin/performance/test_fast/predicates1_arp_enc.sil;3.4255385380001826;0;False;1.0176603870004328;0;False
../arp-plugin/performance/test_fast/predicates1_arp_enc.sil;3.4293691370003216;0;False;1.0181278069994733;0;False
../arp-plugin/performance/test_fast/predicates1_arp_enc.sil;3.4258217660008086;0;False;1.0174174359999597;0;False
../arp-plugin/performance/test_fast/predicates1_enc.sil;4.329267319000792;0;False;0.9672665239995695;0;False
../arp-plugin/performance/test_fast/predicates1_enc.sil;3.6759586629996193;0;False;0.7175298749989452;0;False
../arp-plugin/performance/test_fast/predicates1_enc.sil;3.624974423999447;0;False;0.6169136629996501;0;False
../arp-plugin/performance/test_fast/predicates1_enc.sil;4.077390100999764;0;False;0.5169925339996553;0;False
../arp-plugin/performance/test_fast/predicates1_enc.sil;3.976547672000379;0;False;0.4657007580008212;0;False
../arp-plugin/performance/test_fast/predicates1_enc.sil;3.528795659000025;0;False;0.5166904810012056;0;False
../arp-plugin/performance/test_fast/predicates1_enc.sil;3.977307570999983;0;False;0.41552701799992064;0;False
../arp-plugin/performance/test_fast/predicates1_enc.sil;3.429024147999371;0;False;0.4655442109997239;0;False
../arp-plugin/performance/test_fast/predicates1_enc.sil;3.876190331999169;0;False;0.4160832340003253;0;False
../arp-plugin/performance/test_fast/predicates1_enc.sil;3.9262704599987046;0;False;0.41612781600088056;0;False
../arp-plugin/performance/test_fast/predicates1_enc.sil;3.4256925720001163;0;False;0.4167212060001475;0;False
../arp-plugin/performance/test_fast/predicates1_enc.sil;3.425514046999524;0;False;0.3659140479994676;0;False
../arp-plugin/performance/test_fast/predicates1_enc.sil;3.425089657999706;0;False;0.46606638400044176;0;False
../arp-plugin/performance/test_fast/predicates1_enc.sil;3.4256196019996423;0;False;0.36556353900050453;0;False
../arp-plugin/performance/test_fast/predicates1_enc.sil;3.92811867599994;0;False;0.4162711480003054;0;False
../arp-plugin/performance/test_fast/predicates1_enc.sil;3.424334129998897;0;False;0.3654574939992017;0;False
../arp-plugin/performance/test_fast/predicates1_enc.sil;3.9268893730004493;0;False;0.4161455149987887;0;False
../arp-plugin/performance/test_fast/predicates1_enc.sil;3.425335892001385;0;False;0.3683644249995268;0;False
../arp-plugin/performance/test_fast/predicates1_enc.sil;3.374888168000325;0;False;0.366389998998784;0;False
../arp-plugin/performance/test_fast/predicates1_enc.sil;3.9260487779993127;0;False;0.3661221080001269;0;False
../arp-plugin/performance/test_fast/sum1_arp_enc.sil;21.41405755699998;0;False;2.8253786410004977;1;False
../arp-plugin/performance/test_fast/sum1_arp_enc.sil;36.4082790070006;0;False;1.82197878199986;1;False
../arp-plugin/performance/test_fast/sum1_arp_enc.sil;25.727247906999764;0;False;1.1687609770015115;1;False
../arp-plugin/performance/test_fast/sum1_arp_enc.sil;25.77444258200012;0;False;1.0676525740000216;1;False
../arp-plugin/performance/test_fast/sum1_arp_enc.sil;23.319279945000744;0;False;1.0681793089988787;1;False
../arp-plugin/performance/test_fast/sum1_arp_enc.sil;29.084703681000974;0;False;1.070739140999649;1;False
../arp-plugin/performance/test_fast/sum1_arp_enc.sil;34.54862374100048;0;False;1.0169101739993494;1;False
../arp-plugin/performance/test_fast/sum1_arp_enc.sil;24.62234296799943;0;False;1.06838550700013;1;False
../arp-plugin/performance/test_fast/sum1_arp_enc.sil;18.862555020999935;0;False;1.0172176310006762;1;False
../arp-plugin/performance/test_fast/sum1_arp_enc.sil;19.762077755000064;0;False;1.5702518069992948;1;False
../arp-plugin/performance/test_fast/sum1_arp_enc.sil;24.731614025000454;0;False;1.818703375000041;1;False
../arp-plugin/performance/test_fast/sum1_arp_enc.sil;32.19291224300105;0;False;1.57074190899948;1;False
../arp-plugin/performance/test_fast/sum1_arp_enc.sil;13.198085825000817;0;False;0.9665481070005626;1;False
../arp-plugin/performance/test_fast/sum1_arp_enc.sil;16.354679154999758;0;False;0.9667578160006087;1;False
../arp-plugin/performance/test_fast/sum1_arp_enc.sil;32.08877422600017;0;False;3.0222986939988914;1;False
../arp-plugin/performance/test_fast/sum1_arp_enc.sil;17.556032123999103;0;False;1.769841573001031;1;False
../arp-plugin/performance/test_fast/sum1_arp_enc.sil;24.723131959000966;0;False;0.9678139829993597;1;False
../arp-plugin/performance/test_fast/sum1_arp_enc.sil;12.494323124999937;0;False;1.4679318190010235;1;False
../arp-plugin/performance/test_fast/sum1_arp_enc.sil;25.125203514000532;0;False;1.6747560860003432;1;False
../arp-plugin/performance/test_fast/sum1_arp_enc.sil;14.000525882000147;0;False;0.9164594320009201;1;False
../arp-plugin/performance/test_fast/fields1_enc.sil;9.34545739100031;0;False;1.2172015309988637;0;False
../arp-plugin/performance/test_fast/fields1_enc.sil;9.087625108000793;0;False;0.8166396430005989;0;False
../arp-plugin/performance/test_fast/fields1_enc.sil;9.136635164999461;0;False;0.7665369339993049;0;False
../arp-plugin/performance/test_fast/fields1_enc.sil;8.985190367000541;0;False;0.5664391789996444;0;False
../arp-plugin/performance/test_fast/fields1_enc.sil;8.935670499999105;0;False;0.6167053760000272;0;False
../arp-plugin/performance/test_fast/fields1_enc.sil;8.985367661000055;0;False;0.6163219589998334;0;False
../arp-plugin/performance/test_fast/fields1_enc.sil;8.985440712000127;0;False;0.6160018289992877;0;False
../arp-plugin/performance/test_fast/fields1_enc.sil;8.834636582998428;0;False;0.5155445100008365;0;False
../arp-plugin/performance/test_fast/fields1_enc.sil;8.88523891099976;0;False;0.5656993130014598;0;False
../arp-plugin/performance/test_fast/fields1_enc.sil;8.785525589999452;0;False;0.5168146199994226;0;False
../arp-plugin/performance/test_fast/fields1_enc.sil;8.884537318001094;0;False;0.6156355080001958;0;False
../arp-plugin/performance/test_fast/fields1_enc.sil;8.833981083998879;0;False;0.5160288569986733;0;False
../arp-plugin/performance/test_fast/fields1_enc.sil;8.786812152000493;0;False;0.5167914480007312;0;False
../arp-plugin/performance/test_fast/fields1_enc.sil;8.835414200000741;0;False;0.5158678139996482;0;False
../arp-plugin/performance/test_fast/fields1_enc.sil;8.887089345000277;0;False;0.46843965699918044;0;False
../arp-plugin/performance/test_fast/fields1_enc.sil;8.886506030999954;0;False;0.5156345070008683;0;False
../arp-plugin/performance/test_fast/fields1_enc.sil;8.88446508099878;0;False;0.5169373439985065;0;False
../arp-plugin/performance/test_fast/fields1_enc.sil;8.734185351000633;0;False;0.515969539001162;0;False
../arp-plugin/performance/test_fast/fields1_enc.sil;8.785031256998991;0;False;0.4663745239995478;0;False
../arp-plugin/performance/test_fast/fields1_enc.sil;8.936494320998463;0;False;0.46717706200070097;0;False
../arp-plugin/performance/test_fast/quantifiers1_arp_enc.sil;5.228021188000639;1;False;1.369644653999785;1;False
../arp-plugin/performance/test_fast/quantifiers1_arp_enc.sil;4.7334872350002115;1;False;0.9672263419997762;1;False
../arp-plugin/performance/test_fast/quantifiers1_arp_enc.sil;4.979029991000061;1;False;0.767168333999507;1;False
../arp-plugin/performance/test_fast/quantifiers1_arp_enc.sil;4.827669561000221;1;False;0.7164431959990907;1;False
../arp-plugin/performance/test_fast/quantifiers1_arp_enc.sil;4.427597032999984;1;False;0.6659981630000402;1;False
../arp-plugin/performance/test_fast/quantifiers1_arp_enc.sil;4.326906979000341;1;False;0.7162443079996592;1;False
../arp-plugin/performance/test_fast/quantifiers1_arp_enc.sil;4.778564344998813;1;False;0.6665282449994265;1;False
../arp-plugin/performance/test_fast/quantifiers1_arp_enc.sil;4.276250079999954;1;False;0.669741673000317;1;False
../arp-plugin/performance/test_fast/quantifiers1_arp_enc.sil;4.226296321998234;1;False;0.6177140239997243;1;False
../arp-plugin/performance/test_fast/quantifiers1_arp_enc.sil;4.2258429159992374;1;False;0.6673679750001611;1;False
../arp-plugin/performance/test_fast/quantifiers1_arp_enc.sil;4.72811109399845;1;False;0.6673038549997727;1;False
../arp-plugin/performance/test_fast/quantifiers1_arp_enc.sil;4.77929579999909;1;False;0.666777672000535;1;False
../arp-plugin/performance/test_fast/quantifiers1_arp_enc.sil;4.226548249000189;1;False;0.5660988130002806;1;False
../arp-plugin/performance/test_fast/quantifiers1_arp_enc.sil;4.729105473001255;1;False;0.61608622499989;1;False
../arp-plugin/performance/test_fast/quantifiers1_arp_enc.sil;5.230079470000419;1;False;0.6170713409992459;1;False
../arp-plugin/performance/test_fast/quantifiers1_arp_enc.sil;4.228500614999575;1;False;0.6161735019995831;1;False
../arp-plugin/performance/test_fast/quantifiers1_arp_enc.sil;4.225222753999333;1;False;0.6187376639991271;1;False
../arp-plugin/performance/test_fast/quantifiers1_arp_enc.sil;4.7273720869998215;1;False;0.5665430539993395;1;False
../arp-plugin/performance/test_fast/quantifiers1_arp_enc.sil;4.729348749000565;1;False;0.5693488910001179;1;False
../arp-plugin/performance/test_fast/quantifiers1_arp_enc.sil;4.729618490999201;1;False;0.566486399000496;1;False
../arp-plugin/performance/test_fast/quantifiers1_arps_enc.sil;4.426567406999311;0;False;120.0029760439993;-1;True
../arp-plugin/performance/test_fast/quantifiers1_arps_enc.sil;4.32740449999983;0;False;120.00322360099926;-1;True
../arp-plugin/performance/test_fast/quantifiers1_arps_enc.sil;4.177888541000357;0;False;120.00425843700032;-1;True
../arp-plugin/performance/test_fast/quantifiers1_arps_enc.sil;4.081714764000935;0;False;120.00425843700032;-1;True
../arp-plugin/performance/test_fast/quantifiers1_arps_enc.sil;4.5274459200009005;0;False;120.00425843700032;-1;True
../arp-plugin/performance/test_fast/quantifiers1_arps_enc.sil;4.025839092000751;0;False;120.00425843700032;-1;True
../arp-plugin/performance/test_fast/quantifiers1_arps_enc.sil;4.477910849000182;0;False;120.00425843700032;-1;True
../arp-plugin/performance/test_fast/quantifiers1_arps_enc.sil;4.527222356000493;0;False;120.00425843700032;-1;True
../arp-plugin/performance/test_fast/quantifiers1_arps_enc.sil;4.478225400000156;0;False;120.00425843700032;-1;True
../arp-plugin/performance/test_fast/quantifiers1_arps_enc.sil;3.9760915730003035;0;False;120.00425843700032;-1;True
../arp-plugin/performance/test_fast/quantifiers1_arps_enc.sil;3.975866760001736;0;False;120.00425843700032;-1;True
../arp-plugin/performance/test_fast/quantifiers1_arps_enc.sil;4.47747481999977;0;False;120.00425843700032;-1;True
../arp-plugin/performance/test_fast/quantifiers1_arps_enc.sil;4.4796141810002155;0;False;120.00425843700032;-1;True
../arp-plugin/performance/test_fast/quantifiers1_arps_enc.sil;3.9754543830003968;0;False;120.00425843700032;-1;True
../arp-plugin/performance/test_fast/quantifiers1_arps_enc.sil;3.976434940999752;0;False;120.00425843700032;-1;True
../arp-plugin/performance/test_fast/quantifiers1_arps_enc.sil;3.9279105639998306;0;False;120.00425843700032;-1;True
../arp-plugin/performance/test_fast/quantifiers1_arps_enc.sil;3.9856499080015055;0;False;120.00425843700032;-1;True
../arp-plugin/performance/test_fast/quantifiers1_arps_enc.sil;3.9777121639999677;0;False;120.00425843700032;-1;True
../arp-plugin/performance/test_fast/quantifiers1_arps_enc.sil;4.4781336989999545;0;False;120.00425843700032;-1;True
../arp-plugin/performance/test_fast/quantifiers1_arps_enc.sil;4.426541112999985;0;False;120.00425843700032;-1;True
../arp-plugin/performance/test_fast/predicates1_arps_enc.sil;4.629110729001695;0;False;0.6178064759988047;0;False
../arp-plugin/performance/test_fast/predicates1_arps_enc.sil;4.028142922999905;0;False;0.46669539700087626;0;False
../arp-plugin/performance/test_fast/predicates1_arps_enc.sil;4.427090639999733;0;False;0.46626038899921696;0;False
../arp-plugin/performance/test_fast/predicates1_arps_enc.sil;3.8771735320005973;0;False;0.5162369449990365;0;False
../arp-plugin/performance/test_fast/predicates1_arps_enc.sil;3.875076001000707;0;False;0.36637516600058007;0;False
../arp-plugin/performance/test_fast/predicates1_arps_enc.sil;4.327396053000484;0;False;0.3671604330011178;0;False
../arp-plugin/performance/test_fast/predicates1_arps_enc.sil;4.327688876999673;0;False;0.3653857079989393;0;False
../arp-plugin/performance/test_fast/predicates1_arps_enc.sil;4.377016750999246;0;False;0.3667175299997325;0;False
../arp-plugin/performance/test_fast/predicates1_arps_enc.sil;3.833583177000037;0;False;0.3153620739994949;0;False
../arp-plugin/performance/test_fast/predicates1_arps_enc.sil;4.327578786000231;0;False;0.31644957800017437;0;False
../arp-plugin/performance/test_fast/predicates1_arps_enc.sil;3.826332854001521;0;False;0.31537013900015154;0;False
../arp-plugin/performance/test_fast/predicates1_arps_enc.sil;3.829819927999779;0;False;0.36531341200134193;0;False
../arp-plugin/performance/test_fast/predicates1_arps_enc.sil;4.379018401001304;0;False;0.317339623999942;0;False
../arp-plugin/performance/test_fast/predicates1_arps_enc.sil;4.328931291000117;0;False;0.31643277299917827;0;False
../arp-plugin/performance/test_fast/predicates1_arps_enc.sil;3.826590770000621;0;False;0.31726756500029296;0;False
../arp-plugin/performance/test_fast/predicates1_arps_enc.sil;3.825926695999442;0;False;0.36687382200034335;0;False
../arp-plugin/performance/test_fast/predicates1_arps_enc.sil;4.327036803000738;0;False;0.31541546900007233;0;False
../arp-plugin/performance/test_fast/predicates1_arps_enc.sil;4.329644274999737;0;False;0.26607794300070964;0;False
../arp-plugin/performance/test_fast/predicates1_arps_enc.sil;3.828044025000054;0;False;0.26777803400000266;0;False
../arp-plugin/performance/test_fast/predicates1_arps_enc.sil;3.8261862809995364;0;False;0.3154994059987075;0;False
../arp-plugin/performance/test_fast/fields1_arps_enc.sil;4.679871891999937;0;False;1.3210917440010235;0;False
../arp-plugin/performance/test_fast/fields1_arps_enc.sil;4.577604398000403;0;False;1.0204026789997442;0;False
../arp-plugin/performance/test_fast/fields1_arps_enc.sil;3.9779820109997672;0;False;0.9173898900007771;0;False
../arp-plugin/performance/test_fast/fields1_arps_enc.sil;4.426742345000093;0;False;0.818179556999894;0;False
../arp-plugin/performance/test_fast/fields1_arps_enc.sil;4.380718528000216;0;False;0.9169145109990495;0;False
../arp-plugin/performance/test_fast/fields1_arps_enc.sil;4.383096466999632;0;False;0.767963932999919;0;False
../arp-plugin/performance/test_fast/fields1_arps_enc.sil;4.37611554599971;0;False;0.8166488070000923;0;False
../arp-plugin/performance/test_fast/fields1_arps_enc.sil;4.377839413999027;0;False;0.8172391099997185;0;False
../arp-plugin/performance/test_fast/fields1_arps_enc.sil;4.380501948999154;0;False;0.818637309001133;0;False
../arp-plugin/performance/test_fast/fields1_arps_enc.sil;4.331654563999109;0;False;0.7183024170008139;0;False
../arp-plugin/performance/test_fast/fields1_arps_enc.sil;3.8742311649984913;0;False;0.7679528809985641;0;False
../arp-plugin/performance/test_fast/fields1_arps_enc.sil;4.376802645998396;0;False;0.716969089999111;0;False
../arp-plugin/performance/test_fast/fields1_arps_enc.sil;4.3280302760013;0;False;0.7177560950003681;0;False
../arp-plugin/performance/test_fast/fields1_arps_enc.sil;4.326514804999533;0;False;0.7169741959987732;0;False
../arp-plugin/performance/test_fast/fields1_arps_enc.sil;3.828212860000349;0;False;0.7172188420008752;0;False
../arp-plugin/performance/test_fast/fields1_arps_enc.sil;4.828286438001669;0;False;0.7167897239996819;0;False
../arp-plugin/performance/test_fast/fields1_arps_enc.sil;3.824909058999765;0;False;0.7167845219992159;0;False
../arp-plugin/performance/test_fast/fields1_arps_enc.sil;3.87514475900025;0;False;0.7166938239988667;0;False
../arp-plugin/performance/test_fast/fields1_arps_enc.sil;4.831669240000338;0;False;0.7174745359989174;0;False
../arp-plugin/performance/test_fast/fields1_arps_enc.sil;3.8252945309995994;0;False;0.7663713300007657;0;False
../arp-plugin/performance/test_fast/predicates2_arps_enc.sil;16.86087047500041;0;False;120.00245332600025;-1;True
../arp-plugin/performance/test_fast/predicates2_arps_enc.sil;16.410459724000248;0;False;120.0035748980008;-1;True
../arp-plugin/performance/test_fast/predicates2_arps_enc.sil;16.31101668300107;0;False;120.00507145600022;-1;True
../arp-plugin/performance/test_fast/predicates2_arps_enc.sil;16.45252210700164;0;False;120.00507145600022;-1;True
../arp-plugin/performance/test_fast/predicates2_arps_enc.sil;16.40328316600062;0;False;120.00507145600022;-1;True
../arp-plugin/performance/test_fast/predicates2_arps_enc.sil;16.352682798999012;0;False;120.00507145600022;-1;True
../arp-plugin/performance/test_fast/predicates2_arps_enc.sil;16.456333737000023;0;False;120.00507145600022;-1;True
../arp-plugin/performance/test_fast/predicates2_arps_enc.sil;16.35283484199863;0;False;120.00507145600022;-1;True
../arp-plugin/performance/test_fast/predicates2_arps_enc.sil;16.354081022000173;0;False;120.00507145600022;-1;True
../arp-plugin/performance/test_fast/predicates2_arps_enc.sil;16.45490810100091;0;False;120.00507145600022;-1;True
../arp-plugin/performance/test_fast/predicates2_arps_enc.sil;16.45369173799918;0;False;120.00507145600022;-1;True
../arp-plugin/performance/test_fast/predicates2_arps_enc.sil;16.404011369999353;0;False;120.00507145600022;-1;True
../arp-plugin/performance/test_fast/predicates2_arps_enc.sil;18.40628982099952;0;False;120.00507145600022;-1;True
../arp-plugin/performance/test_fast/predicates2_arps_enc.sil;18.35809644499932;0;False;120.00507145600022;-1;True
../arp-plugin/performance/test_fast/predicates2_arps_enc.sil;16.305656880000242;0;False;120.00507145600022;-1;True
../arp-plugin/performance/test_fast/predicates2_arps_enc.sil;18.507465914999557;0;False;120.00507145600022;-1;True
../arp-plugin/performance/test_fast/predicates2_arps_enc.sil;18.41164709199984;0;False;120.00507145600022;-1;True
../arp-plugin/performance/test_fast/predicates2_arps_enc.sil;18.55685055399954;0;False;120.00507145600022;-1;True
../arp-plugin/performance/test_fast/predicates2_arps_enc.sil;16.20615954400091;0;False;120.00507145600022;-1;True
../arp-plugin/performance/test_fast/predicates2_arps_enc.sil;16.703752457999144;0;False;120.00507145600022;-1;True
../arp-plugin/performance/test_fast/predicates2_enc.sil;6.382566672000394;0;False;4.58363872299924;0;False
../arp-plugin/performance/test_fast/predicates2_enc.sil;4.9768608049998875;0;False;3.572711724000328;0;False
../arp-plugin/performance/test_fast/predicates2_enc.sil;5.227279927999916;0;False;3.0715030350002053;0;False
../arp-plugin/performance/test_fast/predicates2_enc.sil;5.226520183001412;0;False;3.022123818000182;0;False
../arp-plugin/performance/test_fast/predicates2_enc.sil;5.729927248999957;0;False;3.123094468999625;0;False
../arp-plugin/performance/test_fast/predicates2_enc.sil;5.1304234259987425;0;False;2.9240453649999836;0;False
../arp-plugin/performance/test_fast/predicates2_enc.sil;5.1392345869990095;0;False;2.7716459999992367;0;False
../arp-plugin/performance/test_fast/predicates2_enc.sil;5.129223562998959;0;False;2.7228837570000906;0;False
../arp-plugin/performance/test_fast/predicates2_enc.sil;5.078097437000906;0;False;2.678341177999755;0;False
../arp-plugin/performance/test_fast/predicates2_enc.sil;5.076707756999895;0;False;2.673984544999257;0;False
../arp-plugin/performance/test_fast/predicates2_enc.sil;5.127310685000339;0;False;2.7720588900010625;0;False
../arp-plugin/performance/test_fast/predicates2_enc.sil;4.577101527000195;0;False;2.7712714259996574;0;False
../arp-plugin/performance/test_fast/predicates2_enc.sil;5.078352919999816;0;False;2.7229016960009176;0;False
../arp-plugin/performance/test_fast/predicates2_enc.sil;5.6308746779996;0;False;2.629371049999463;0;False
../arp-plugin/performance/test_fast/predicates2_enc.sil;5.12744953299989;0;False;2.671400963999986;0;False
../arp-plugin/performance/test_fast/predicates2_enc.sil;5.629193499999019;0;False;2.678884540000581;0;False
../arp-plugin/performance/test_fast/predicates2_enc.sil;4.578207993001342;0;False;2.675225479999426;0;False
../arp-plugin/performance/test_fast/predicates2_enc.sil;5.077819919999456;0;False;2.680119998000009;0;False
../arp-plugin/performance/test_fast/predicates2_enc.sil;5.631058438999389;0;False;2.72192040399932;0;False
../arp-plugin/performance/test_fast/predicates2_enc.sil;5.132619120000527;0;False;2.6334791789995506;0;False
../arp-plugin/performance/test_fast/predicates2.sil;2.5371148249996622;0;False;1.017217045000507;0;False
../arp-plugin/performance/test_fast/predicates2.sil;2.1188904070004355;0;False;0.7680003149998811;0;False
../arp-plugin/performance/test_fast/predicates2.sil;2.121894088000772;0;False;0.6168212909997237;0;False
../arp-plugin/performance/test_fast/predicates2.sil;2.019600903000537;0;False;0.5156017919998703;0;False
../arp-plugin/performance/test_fast/predicates2.sil;1.9697282649995032;0;False;0.46674005899876647;0;False
../arp-plugin/performance/test_fast/predicates2.sil;1.9689914190003037;0;False;0.5660787549986708;0;False
../arp-plugin/performance/test_fast/predicates2.sil;1.9195714159995987;0;False;0.5224139900001319;0;False
../arp-plugin/performance/test_fast/predicates2.sil;1.968947487999685;0;False;0.46750148399951286;0;False
../arp-plugin/performance/test_fast/predicates2.sil;1.9210684259996924;0;False;0.518396710000161;0;False
../arp-plugin/performance/test_fast/predicates2.sil;1.9194157980000455;0;False;0.4169194730002346;0;False
../arp-plugin/performance/test_fast/predicates2.sil;1.9194781400001375;0;False;0.46612046799964446;0;False
../arp-plugin/performance/test_fast/predicates2.sil;1.9700621960000717;0;False;0.46721063000040886;0;False
../arp-plugin/performance/test_fast/predicates2.sil;1.9691906339994603;0;False;0.4171983670003101;0;False
../arp-plugin/performance/test_fast/predicates2.sil;1.8697275390004506;0;False;0.3656762519985932;0;False
../arp-plugin/performance/test_fast/predicates2.sil;1.8687970920000225;0;False;0.3659243259990035;0;False
../arp-plugin/performance/test_fast/predicates2.sil;1.920519561999754;0;False;0.3662263799997163;0;False
../arp-plugin/performance/test_fast/predicates2.sil;1.9190415310004028;0;False;0.36560763499983295;0;False
../arp-plugin/performance/test_fast/predicates2.sil;1.91972148899913;0;False;0.36512576099994476;0;False
../arp-plugin/performance/test_fast/predicates2.sil;1.9187904379996326;0;False;0.3658181089995196;0;False
../arp-plugin/performance/test_fast/predicates2.sil;1.8690147600009368;0;False;0.36613378200127045;0;False
../arp-plugin/performance/test_fast/quantifiers1_enc.sil;5.1300842849996116;0;False;11.840673807000712;0;False
../arp-plugin/performance/test_fast/quantifiers1_enc.sil;4.726283660000263;0;False;10.941091358001358;0;False
../arp-plugin/performance/test_fast/quantifiers1_enc.sil;4.328809185000864;0;False;10.888355441000385;0;False
../arp-plugin/performance/test_fast/quantifiers1_enc.sil;4.378340495000884;0;False;10.837645040001007;0;False
../arp-plugin/performance/test_fast/quantifiers1_enc.sil;4.777138343999468;0;False;10.689478188000066;0;False
../arp-plugin/performance/test_fast/quantifiers1_enc.sil;4.276915654998447;0;False;10.63618464999854;0;False
../arp-plugin/performance/test_fast/quantifiers1_enc.sil;4.7281021240014525;0;False;10.585636047999287;0;False
../arp-plugin/performance/test_fast/quantifiers1_enc.sil;4.332621917999859;0;False;10.786632803999964;0;False
../arp-plugin/performance/test_fast/quantifiers1_enc.sil;4.176743804999205;0;False;10.488557018999927;0;False
../arp-plugin/performance/test_fast/quantifiers1_enc.sil;4.175714564000373;0;False;10.635626879999108;0;False
../arp-plugin/performance/test_fast/quantifiers1_enc.sil;4.176019563999944;0;False;10.640335988000515;0;False
../arp-plugin/performance/test_fast/quantifiers1_enc.sil;4.175736178000079;0;False;10.63584574199922;0;False
../arp-plugin/performance/test_fast/quantifiers1_enc.sil;4.728982194999844;0;False;10.687232247000793;0;False
../arp-plugin/performance/test_fast/quantifiers1_enc.sil;4.175594194999576;0;False;10.537879514000451;0;False
../arp-plugin/performance/test_fast/quantifiers1_enc.sil;4.7267306840003585;0;False;10.540491301000657;0;False
../arp-plugin/performance/test_fast/quantifiers1_enc.sil;4.175969441999769;0;False;10.63840003399855;0;False
../arp-plugin/performance/test_fast/quantifiers1_enc.sil;4.681334947999858;0;False;10.537855348000448;0;False
../arp-plugin/performance/test_fast/quantifiers1_enc.sil;4.67740096200032;0;False;10.589388137999777;0;False
../arp-plugin/performance/test_fast/quantifiers1_enc.sil;4.678568671999528;0;False;10.586483791999854;0;False
../arp-plugin/performance/test_fast/quantifiers1_enc.sil;4.727232248000291;0;False;10.536591762000171;0;False
../arp-plugin/performance/test_fast/fields1_arp_enc.sil;29.784304365000935;0;False;5.9289367540004605;1;False
../arp-plugin/performance/test_fast/fields1_arp_enc.sil;29.93438792699999;0;False;4.678141431000768;1;False
../arp-plugin/performance/test_fast/fields1_arp_enc.sil;28.182648082000014;0;False;3.372674141999596;1;False
../arp-plugin/performance/test_fast/fields1_arp_enc.sil;29.38618466799926;0;False;8.43919133000054;1;False
../arp-plugin/performance/test_fast/fields1_arp_enc.sil;28.07926815599967;0;False;5.627458285998728;1;False
../arp-plugin/performance/test_fast/fields1_arp_enc.sil;28.283443592001277;0;False;6.429932671999268;1;False
../arp-plugin/performance/test_fast/fields1_arp_enc.sil;28.279261087000123;0;False;4.224984820000827;1;False
../arp-plugin/performance/test_fast/fields1_arp_enc.sil;28.633111819000987;0;False;5.577237812000021;1;False
../arp-plugin/performance/test_fast/fields1_arp_enc.sil;29.53389547900042;0;False;7.08824829400146;1;False
../arp-plugin/performance/test_fast/fields1_arp_enc.sil;28.38463504399988;0;False;4.825816824000867;1;False
../arp-plugin/performance/test_fast/fields1_arp_enc.sil;29.186154654998973;0;False;3.9738350919997174;1;False
../arp-plugin/performance/test_fast/fields1_arp_enc.sil;29.483513357999982;0;False;5.527036953000788;1;False
../arp-plugin/performance/test_fast/fields1_arp_enc.sil;29.732922119999785;0;False;7.63150411999959;1;False
../arp-plugin/performance/test_fast/fields1_arp_enc.sil;29.492428120000113;0;False;2.52160118699976;1;False
../arp-plugin/performance/test_fast/fields1_arp_enc.sil;29.43263127499995;0;False;5.577644594000958;1;False
../arp-plugin/performance/test_fast/fields1_arp_enc.sil;28.37936523999997;0;False;6.9816772890008;1;False
../arp-plugin/performance/test_fast/fields1_arp_enc.sil;28.132722177000687;0;False;4.7780421980005485;1;False
../arp-plugin/performance/test_fast/fields1_arp_enc.sil;29.331014239998694;0;False;4.97636190799858;1;False
../arp-plugin/performance/test_fast/fields1_arp_enc.sil;28.582816047999586;0;False;7.682071340999755;1;False
../arp-plugin/performance/test_fast/fields1_arp_enc.sil;29.82909162299984;0;False;7.634894742999677;1;False
../arp-plugin/performance/test_fast/predicates1.sil;2.622628903000077;0;False;0.4668033159996412;0;False
../arp-plugin/performance/test_fast/predicates1.sil;2.4723789029994805;0;False;0.4686499379986344;0;False
../arp-plugin/performance/test_fast/predicates1.sil;2.4723090840016084;0;False;0.36575483299930056;0;False
../arp-plugin/performance/test_fast/predicates1.sil;2.4717817659984576;0;False;0.3661837360014033;0;False
../arp-plugin/performance/test_fast/predicates1.sil;2.370772931999454;0;False;0.36571791999995185;0;False
../arp-plugin/performance/test_fast/predicates1.sil;2.3722138089997316;0;False;0.4165106359996571;0;False
../arp-plugin/performance/test_fast/predicates1.sil;2.3721774369987543;0;False;0.36595454800044536;0;False
../arp-plugin/performance/test_fast/predicates1.sil;2.321412404999137;0;False;0.26619384799960244;0;False
../arp-plugin/performance/test_fast/predicates1.sil;2.8732101189998502;0;False;0.3157325709998986;0;False
../arp-plugin/performance/test_fast/predicates1.sil;2.3717054940007074;0;False;0.2656543930006592;0;False
../arp-plugin/performance/test_fast/predicates1.sil;2.370661212000414;0;False;0.26531927000178257;0;False
../arp-plugin/performance/test_fast/predicates1.sil;2.3730409079998935;0;False;0.2667246660003002;0;False
../arp-plugin/performance/test_fast/predicates1.sil;2.321437861000959;0;False;0.266774528001406;0;False
../arp-plugin/performance/test_fast/predicates1.sil;2.3712693659999786;0;False;0.26617592699949455;0;False
../arp-plugin/performance/test_fast/predicates1.sil;2.3722629320000124;0;False;0.22654052100006083;0;False
../arp-plugin/performance/test_fast/predicates1.sil;2.3744285609991493;0;False;0.21538793299987447;0;False
../arp-plugin/performance/test_fast/predicates1.sil;2.328886045001127;0;False;0.26718954500029213;0;False
../arp-plugin/performance/test_fast/predicates1.sil;2.370258801000091;0;False;0.26698959799978184;0;False
../arp-plugin/performance/test_fast/predicates1.sil;2.3205723159990157;0;False;0.21605269700012286;0;False
../arp-plugin/performance/test_fast/predicates1.sil;2.3719319259998883;0;False;0.21577714499835565;0;False
../arp-plugin/performance/test_fast/predicates2_arp_enc.sil;120.00485912399927;-1;True;2.8762740490001306;1;False
../arp-plugin/performance/test_fast/predicates2_arp_enc.sil;120.0046606069991;-1;True;2.3697374200000922;1;False
../arp-plugin/performance/test_fast/predicates2_arp_enc.sil;120.00710504900053;-1;True;2.029284913000083;1;False
../arp-plugin/performance/test_fast/predicates2_arp_enc.sil;120.00710504900053;-1;True;1.869588080999165;1;False
../arp-plugin/performance/test_fast/predicates2_arp_enc.sil;120.00710504900053;-1;True;4.635429861000375;1;False
../arp-plugin/performance/test_fast/predicates2_arp_enc.sil;120.00710504900053;-1;True;1.969987342999957;1;False
../arp-plugin/performance/test_fast/predicates2_arp_enc.sil;120.00710504900053;-1;True;2.019343600000866;1;False
../arp-plugin/performance/test_fast/predicates2_arp_enc.sil;120.00710504900053;-1;True;1.8700203609987511;1;False
../arp-plugin/performance/test_fast/predicates2_arp_enc.sil;120.00710504900053;-1;True;1.8198768620004557;1;False
../arp-plugin/performance/test_fast/predicates2_arp_enc.sil;120.00710504900053;-1;True;3.020939273001204;1;False
../arp-plugin/performance/test_fast/predicates2_arp_enc.sil;120.00710504900053;-1;True;1.8765002639993327;1;False
../arp-plugin/performance/test_fast/predicates2_arp_enc.sil;120.00710504900053;-1;True;1.919735692001268;1;False
../arp-plugin/performance/test_fast/predicates2_arp_enc.sil;120.00710504900053;-1;True;2.0704048210009205;1;False
../arp-plugin/performance/test_fast/predicates2_arp_enc.sil;120.00710504900053;-1;True;1.6686868970009527;1;False
../arp-plugin/performance/test_fast/predicates2_arp_enc.sil;120.00710504900053;-1;True;2.0214179609993153;1;False
../arp-plugin/performance/test_fast/predicates2_arp_enc.sil;120.00710504900053;-1;True;1.721887962999972;1;False
../arp-plugin/performance/test_fast/predicates2_arp_enc.sil;120.00710504900053;-1;True;1.7688050090000615;1;False
../arp-plugin/performance/test_fast/predicates2_arp_enc.sil;120.00710504900053;-1;True;1.869740324000304;1;False
../arp-plugin/performance/test_fast/predicates2_arp_enc.sil;120.00710504900053;-1;True;1.6716877060007391;1;False
../arp-plugin/performance/test_fast/predicates2_arp_enc.sil;120.00710504900053;-1;True;1.8189770019998832;1;False
../arp-plugin/performance/test_fast/fields1.sil;7.932245699999839;0;False;0.7162299119991076;0;False
../arp-plugin/performance/test_fast/fields1.sil;7.787617014000716;0;False;0.46809075199962535;0;False
../arp-plugin/performance/test_fast/fields1.sil;7.988868120999541;0;False;0.36638819300060277;0;False
../arp-plugin/performance/test_fast/fields1.sil;7.7834796870010905;0;False;0.3654462060003425;0;False
../arp-plugin/performance/test_fast/fields1.sil;7.731961984000009;0;False;0.41595566300020437;0;False
../arp-plugin/performance/test_fast/fields1.sil;7.631794955001169;0;False;0.36535772400020505;0;False
../arp-plugin/performance/test_fast/fields1.sil;7.6818593999996665;0;False;0.46564242699969327;0;False
../arp-plugin/performance/test_fast/fields1.sil;7.6824660370002675;0;False;0.3155142670002533;0;False
../arp-plugin/performance/test_fast/fields1.sil;7.63308104600037;0;False;0.3154783199988742;0;False
../arp-plugin/performance/test_fast/fields1.sil;7.682890946000043;0;False;0.3170817989994248;0;False
../arp-plugin/performance/test_fast/fields1.sil;7.633070436000708;0;False;0.31623422099983145;0;False
../arp-plugin/performance/test_fast/fields1.sil;7.683704450000732;0;False;0.3160120040010952;0;False
../arp-plugin/performance/test_fast/fields1.sil;7.682299386999148;0;False;0.31651858999975957;0;False
../arp-plugin/performance/test_fast/fields1.sil;7.68434951800009;0;False;0.265151829999013;0;False
../arp-plugin/performance/test_fast/fields1.sil;7.733077685999888;0;False;0.2654229409999971;0;False
../arp-plugin/performance/test_fast/fields1.sil;7.631890087001011;0;False;0.31543633399996907;0;False
../arp-plugin/performance/test_fast/fields1.sil;7.684835906000444;0;False;0.31665258500106575;0;False
../arp-plugin/performance/test_fast/fields1.sil;7.734068014000513;0;False;0.2656225449991325;0;False
../arp-plugin/performance/test_fast/fields1.sil;7.7326392750001105;0;False;0.2682677419998072;0;False
../arp-plugin/performance/test_fast/fields1.sil;7.631764809000742;0;False;0.2651808729988261;0;False
../arp-plugin/performance/test_fast/quantifiers1.sil;1.869442772000184;0;False;6.5321094959999755;0;False
../arp-plugin/performance/test_fast/quantifiers1.sil;1.7189141329999984;0;False;6.177770918000533;0;False
../arp-plugin/performance/test_fast/quantifiers1.sil;1.7217055929995695;0;False;6.0785605019991635;0;False
../arp-plugin/performance/test_fast/quantifiers1.sil;1.6188864120013022;0;False;5.927945949000787;0;False
../arp-plugin/performance/test_fast/quantifiers1.sil;1.5684951540006296;0;False;5.876827125999625;0;False
../arp-plugin/performance/test_fast/quantifiers1.sil;1.520904242999677;0;False;5.981938599999921;0;False
../arp-plugin/performance/test_fast/quantifiers1.sil;1.5772992750007688;0;False;5.927338114999657;0;False
../arp-plugin/performance/test_fast/quantifiers1.sil;1.5181579090003652;0;False;5.87666646100115;0;False
../arp-plugin/performance/test_fast/quantifiers1.sil;1.5189896289994067;0;False;5.926715621999392;0;False
../arp-plugin/performance/test_fast/quantifiers1.sil;1.518684246999328;0;False;5.926883796999391;0;False
../arp-plugin/performance/test_fast/quantifiers1.sil;1.4687840060014423;0;False;5.877400392999334;0;False
../arp-plugin/performance/test_fast/quantifiers1.sil;1.4713498609999078;0;False;5.876416760000211;0;False
../arp-plugin/performance/test_fast/quantifiers1.sil;1.467355322000003;0;False;5.876309608000156;0;False
../arp-plugin/performance/test_fast/quantifiers1.sil;1.4686233590000484;0;False;5.827665992999755;0;False
../arp-plugin/performance/test_fast/quantifiers1.sil;1.4681164710000303;0;False;5.926467069000864;0;False
../arp-plugin/performance/test_fast/quantifiers1.sil;1.4721793930002605;0;False;5.778797117000067;0;False
../arp-plugin/performance/test_fast/quantifiers1.sil;1.4674397940016206;0;False;5.87600945000122;0;False
../arp-plugin/performance/test_fast/quantifiers1.sil;1.46864175400151;0;False;5.8251147249993664;0;False
../arp-plugin/performance/test_fast/quantifiers1.sil;1.4673092439988977;0;False;5.72697248500117;0;False
../arp-plugin/performance/test_fast/quantifiers1.sil;1.4686260769994988;0;False;5.776044079000712;0;False
